name,taxon,method,rep,root_len,ins_acc,del_acc,ins_len,del_len,ins_kl,del_kl
fastml_ml_summaries/100/fastml/1.csv,100,fastMLml,1,200,4.905808477237049e-05,0.0003434065934065934,"[2, 2, 2, 2, 1, 2, 1, 2, 4, 1, 13, 1, 1, 1, 2, 6, 1, 2, 3, 1, 1, 7, 4, 1, 1, 1, 2, 6, 1, 2, 2, 14, 2, 1, 4, 8, 3, 1, 7, 4, 1, 5, 1, 1, 1, 1, 1, 2, 8, 1, 2, 12, 1, 2, 1, 3, 1, 7, 1, 1, 1, 1, 1, 1, 2, 1, 1, 2, 1, 3, 1, 1, 1, 4, 3, 2, 6, 7, 2]","[2, 1, 2, 1, 1, 3, 2, 1, 1, 2, 3, 8, 2, 11, 1, 2, 7, 1, 1, 4, 1, 1, 1, 1, 1, 1, 1, 11, 12, 1, 13, 1, 1, 10, 1, 1, 1, 1, 1, 2, 7, 1, 1, 4, 5, 1, 5, 2, 1, 4, 1, 1, 1, 1, 6, 1, 1, 1, 1, 2, 2, 4, 1, 2, 2, 1, 4, 1, 2, 1, 1, 1, 2]",0.006186711235522172,0.0049656642158320795
