name,taxon,method,rep,root_len,ins_acc,del_acc,ins_len,del_len,ins_kl,del_kl
summaries/10/BEP/1.csv,10,BEP,1,168,0.14894636015325668,0.1331417624521073,"[18, 1, 1, 1, 4, 1, 1, 5, 3, 11, 16, 4, 1, 1, 1, 2, 1, 1, 3, 1, 1, 7, 1, 3, 5, 2, 1, 1, 1, 1, 3, 1, 1, 1, 3, 1, 2, 8, 3, 5, 2, 1, 1, 1, 1, 1, 2, 1, 1, 1, 3, 1, 2, 7, 1, 3, 5, 2, 1, 1, 1, 2, 1, 1, 1, 3, 1, 2, 5, 1, 3, 5, 2, 1, 1, 1, 2, 1, 1, 1, 1, 3, 1, 1, 2, 7, 1, 3, 5, 2, 1, 1, 1, 1, 2, 1, 1, 3, 2, 1, 8, 3, 5, 1, 2, 1, 1, 1, 2, 1, 1, 3, 2, 1, 8, 3, 5, 1, 2, 1, 2, 1, 2, 1, 1, 1, 1, 3, 1, 1, 2, 7, 1, 3, 5, 2, 1, 1, 1, 2, 1, 1, 1, 1, 3, 1, 1, 2, 7, 1, 3, 5, 2, 1, 1, 1]","[2, 2, 2, 1, 3, 1, 1, 1, 1, 1, 3, 1, 1, 1, 2, 4, 1, 1, 1, 1, 1, 4, 1, 1, 1, 1, 3, 1, 1, 1, 1, 2, 1, 2, 1, 1, 2, 1, 1, 1, 5, 1, 1, 1, 1, 1, 2, 1, 1, 1, 2, 3, 2, 1, 1, 1, 1, 1, 2, 1, 2, 1, 1, 2, 2, 1, 2, 1, 4, 1, 1, 1, 1, 1, 1, 2, 1, 1, 2, 3, 1, 1, 1, 1, 2, 1, 2, 1, 1, 3, 4, 1, 1, 1, 1, 1, 2, 1, 1, 1, 1, 2, 3, 1, 1, 1, 1, 2, 1, 2, 1, 1, 2, 4, 2, 1, 1, 1, 1, 1, 2, 1, 2, 1, 2, 3, 1, 1, 1, 1, 2, 1, 2, 1, 1, 2, 4, 1, 1, 1, 1, 2, 1, 1, 1, 2, 3, 1, 1, 1, 1, 2, 2, 2, 1, 1, 2, 4, 1, 1, 1, 1, 2, 1, 1, 1, 2, 3, 1, 1, 1, 1, 2, 2, 2, 1, 2, 4, 1, 1, 1, 1, 1, 1, 2, 1, 2, 1, 2, 3, 1, 1, 1, 1, 2, 1, 2, 1, 1, 2, 4, 1, 1, 1, 1, 1, 1, 2, 1, 2, 1, 2, 3, 1, 1, 1, 1, 2, 1, 2, 1, 1, 2]",0.3021722092966574,0.09153851078068531
